BEGIN;
INSERT INTO departments(code,name,sort_order) VALUES ('ADM','Administration',1),('USI','Usine',2),('ACO','Achat et commercial',3),('MNT','Maintenance',4),('GAR','Garage',5),('SEC','Sécurité',6),('ENT','Entretien',7) ON CONFLICT(code) DO UPDATE SET name=EXCLUDED.name;
INSERT INTO services(code,name,department_code,sort_order) VALUES ('DG','Direction générale','ADM',1),('RH','Ressources humaines','ADM',2),('CPT','Comptabilité','ADM',3),('QHSE','QHSE','USI',4),('PROD','Production','USI',5),('LAB','Laboratoire','USI',6),('MIND','Mécanique industrielle','MNT',7),('ELEC','Électricité','MNT',8),('MGEN','Mécanique générale','GAR',9),('COM','Commercial','ACO',10),('ACH','Achat','ACO',11),('COND','Conducteurs','USI',12),('CHAUF','Chauffeurs','GAR',13),('ENTR','Entretien','ENT',14) ON CONFLICT(code) DO UPDATE SET name=EXCLUDED.name,department_code=EXCLUDED.department_code;
INSERT INTO shifts(code,name,start_time,end_time,night_shift) VALUES ('A','Équipe A','06:00','14:00',false),('B','Équipe B','14:00','22:00',false),('N','Équipe Nuit','22:00','06:00',true),('J','Journée administrative','08:00','17:00',false) ON CONFLICT(code) DO NOTHING;
INSERT INTO ppe_items(code,name,renewal_days,stock_quantity,min_stock) VALUES ('CASQ','Casque de sécurité',365,80,20),('GANT','Gants de protection',90,240,60),('CHAU','Chaussures de sécurité',365,90,20),('LUNE','Lunettes de protection',180,120,30),('MASQ','Masque respiratoire',30,300,100) ON CONFLICT(code) DO NOTHING;
INSERT INTO payroll_settings(setting_key,label,value_numeric,value_text,effective_from) VALUES ('CURRENCY','Devise',NULL,'XOF','2026-01-01'),('WORK_HOURS_MONTH','Heures mensuelles',173.33,NULL,'2026-01-01'),('NIGHT_PREMIUM','Majoration de nuit (%)',15,NULL,'2026-01-01'),('RISK_PREMIUM','Prime de risque (%)',5,NULL,'2026-01-01') ON CONFLICT(setting_key) DO NOTHING;
COMMIT;
